{"Booba": 0.257170327571141, "PNL": 0.26351553659396343, "Nekfeu": 0.19741556978637792, "JuL": 0.25273628374073737, "Damso": 0.22336866464022925, "Stromae": 0.1565392796540128, "Lacrim": 0.24765847217841816, "SCH": 0.29686305476982033, "GIMS": 0.18208886791723733, "Ninho": 0.2579591031593867, "Vald": 0.2617200794741192, "Kaaris": 0.3189471328581595, "OrelSan": 0.1653271685195906, "Freeze Corleone": 0.15022901209991765, "Niro": 0.2792039755547399, "La Fouine": 0.26997442667326504, "Rohff": 0.2625227957155266, "Niska": 0.29491278438904966, "Sexion d\u2019Assaut": 0.24817330684807082, "Lomepal": 0.1410372632926103, "Bigflo & Oli": 0.14832103872101018, "Djadja & Dinaz": 0.23244972346306755, "Youssoupha": 0.13873466015408714, "Guizmo": 0.27758488884696697, "Hayce Lemsi": 0.2928565498313117, "Sofiane": 0.24018260482830733, "Dadju": 0.17905358623110854, "Alonzo": 0.2478561000868021, "Dinos": 0.18708824700994228, "Columbine": 0.2163938056454982, "Kalash": 0.20451409834847617, "Gradur": 0.3313402458283028, "Soolking": 0.219802278823869, "Kery James": 0.1338603960196108, "Django": 0.15314209597590606}