{
    "Booba": 0.40708649640235023,
    "PNL": 0.41863059516446804,
    "Nekfeu": 0.3852239828675921,
    "JuL": 0.39975564187704143,
    "Damso": 0.3939983896605149,
    "Stromae": 0.3663932617462299,
    "Lacrim": 0.4077127267409039,
    "SCH": 0.41391874802024675,
    "GIMS": 0.3726869742940536,
    "Ninho": 0.4143817274086958,
    "Vald": 0.41266247571536174,
    "Kaaris": 0.40365388998223684,
    "OrelSan": 0.3759422286661701,
    "Freeze Corleone": 0.4152301303265461,
    "Niro": 0.42301157955344343,
    "La Fouine": 0.3921786662401503,
    "Rohff": 0.39962683308594377,
    "Niska": 0.4212720431710978,
    "Sexion d\u2019Assaut": 0.3887307190405339,
    "Lomepal": 0.3702349406033374,
    "Bigflo & Oli": 0.36560305389069747,
    "Djadja & Dinaz": 0.40969704585560124,
    "Youssoupha": 0.3635171387475225,
    "Guizmo": 0.4137159251132336,
    "Hayce Lemsi": 0.4385779898782609,
    "Sofiane": 0.4103563945865286,
    "Dadju": 0.327338224723857,
    "Alonzo": 0.40736364129964303,
    "Dinos": 0.37473686309758397,
    "Columbine": 0.37944728956508395,
    "Kalash": 0.41226068537342053,
    "Gradur": 0.4298218799580856,
    "Soolking": 0.4188846700014579,
    "Kery James": 0.3552896128997522,
    "Django": 0.36949416218714803
}