{
    "Stromae - Papaoutai": 0.0224719101123595,
    "Indila - Derni\u00e8re Danse": 0.0,
    "Stromae - \u200bTous les m\u00eames": 0.0854700854700854,
    "Kalash - Mwaka Moon": 0.0715307582260372,
    "Damso - Feu de bois": 0.0903614457831325,
    "PNL - Au DD": 0.0768049155145929,
    "PNL - DA": 0.0881834215167548,
    "Stromae - Formidable": 0.0940438871473354,
    "Stromae - Carmen": 0.0233100233100233,
    "PNL - Jusqu\u2019au dernier gramme": 0.1428571428571428,
    "GIMS - J\u2019me tire": 0.03690036900369,
    "Damso - Amn\u00e9sie": 0.0630914826498422,
    "PNL - Le monde ou rien": 0.1646090534979424,
    "Freeze Corleone - Freeze Ra\u00ebl": 0.0767754318618042,
    "GIMS - Bella": 0.0462249614791987,
    "PNL - Naha": 0.1965065502183406,
    "13 Organis\u00e9 - Bande organis\u00e9e": 0.040650406504065,
    "Booba - 92i Veyron": 0.2037351443123939,
    "PNL - \u00c0 l\u2019ammoniaque": 0.0948766603415559,
    "Booba - Kalash": 0.0947867298578199,
    "SCH - Fusil": 0.0476947535771065,
    "Damso - \u0398. Macarena": 0.0605143721633888,
    "Damso - \u0393. Mosa\u00efque solitaire": 0.0553709856035437,
    "JuL - J\u2019oublie tout": 0.1451612903225806,
    "Stromae - Alors on danse": 0.101010101010101,
    "Nekfeu - Nique les clones Part. II": 0.0505050505050505,
    "PNL - Ben\u00e9": 0.1624129930394431,
    "Nekfeu - Humano\u00efde": 0.057347670250896,
    "Nekfeu - On verra": 0.1030927835051546,
    "Django - Fichu": 0.0899280575539568,
    "PNL - Oh Lala": 0.2164502164502164,
    "Niska - Freestyle PSG (Matuidi Charo)": 0.0758533501896333,
    "Booba - DKR": 0.1794871794871795,
    "Nekfeu - Risibles amours": 0.0944881889763779,
    "Nekfeu - Ma dope": 0.059880239520958,
    "JuL - Tchikita": 0.1065719360568383,
    "Nekfeu - \u00c9g\u00e9rie": 0.060882800608828,
    "PNL - Bambina": 0.1219512195121951,
    "Stromae - Ave cesaria": 0.1201201201201201,
    "Soolking - Gu\u00e9rilla": 0.0205338809034907,
    "Booba - Scarface": 0.1071975497702909,
    "Damso - N. J Respect R": 0.1937984496124031,
    "Nekfeu - Mauvaise graine": 0.050125313283208,
    "Booba - A.C. Milan": 0.15220700152207,
    "PNL - Blanka": 0.1380670611439842,
    "Kaaris - Zoo": 0.2348336594911937,
    "Dadju - Reine": 0.0352733686067019,
    "Nekfeu - Princesse": 0.061823802163833,
    "PNL - Luz de Luna": 0.0846023688663282,
    "PNL - J\u2019suis QLF": 0.1052631578947368
}