{
    "Stromae - Papaoutai": 0.0224719101123595,
    "Indila - Derni\u00e8re Danse": 0.1,
    "Stromae - \u200bTous les m\u00eames": 0.1139601139601139,
    "Kalash - Mwaka Moon": 0.100143061516452,
    "Damso - Feu de bois": 0.0451807228915662,
    "PNL - Au DD": 0.1075268817204301,
    "PNL - DA": 0.1410934744268077,
    "Stromae - Formidable": 0.3134796238244514,
    "Stromae - Carmen": 0.0699300699300699,
    "PNL - Jusqu\u2019au dernier gramme": 0.1818181818181818,
    "GIMS - J\u2019me tire": 0.03690036900369,
    "Damso - Amn\u00e9sie": 0.0788643533123028,
    "PNL - Le monde ou rien": 0.0823045267489712,
    "Freeze Corleone - Freeze Ra\u00ebl": 0.0767754318618042,
    "GIMS - Bella": 0.061633281972265,
    "PNL - Naha": 0.1746724890829694,
    "13 Organis\u00e9 - Bande organis\u00e9e": 0.089430894308943,
    "Booba - 92i Veyron": 0.1018675721561969,
    "PNL - \u00c0 l\u2019ammoniaque": 0.0569259962049335,
    "Booba - Kalash": 0.1066350710900474,
    "SCH - Fusil": 0.0794912559618442,
    "Damso - \u0398. Macarena": 0.0453857791225416,
    "Damso - \u0393. Mosa\u00efque solitaire": 0.1218161683277962,
    "JuL - J\u2019oublie tout": 0.1451612903225806,
    "Stromae - Alors on danse": 0.101010101010101,
    "Nekfeu - Nique les clones Part. II": 0.0707070707070707,
    "PNL - Ben\u00e9": 0.0696055684454756,
    "Nekfeu - Humano\u00efde": 0.1146953405017921,
    "Nekfeu - On verra": 0.117820324005891,
    "Django - Fichu": 0.1618705035971223,
    "PNL - Oh Lala": 0.1298701298701298,
    "Niska - Freestyle PSG (Matuidi Charo)": 0.0632111251580278,
    "Booba - DKR": 0.0769230769230769,
    "Nekfeu - Risibles amours": 0.1417322834645669,
    "Nekfeu - Ma dope": 0.1047904191616766,
    "JuL - Tchikita": 0.0355239786856127,
    "Nekfeu - \u00c9g\u00e9rie": 0.15220700152207,
    "PNL - Bambina": 0.0871080139372822,
    "Stromae - Ave cesaria": 0.09009009009009,
    "Soolking - Gu\u00e9rilla": 0.1026694045174538,
    "Booba - Scarface": 0.0765696784073506,
    "Damso - N. J Respect R": 0.2131782945736434,
    "Nekfeu - Mauvaise graine": 0.06265664160401,
    "Booba - A.C. Milan": 0.258751902587519,
    "PNL - Blanka": 0.2169625246548323,
    "Kaaris - Zoo": 0.0391389432485322,
    "Dadju - Reine": 0.0881834215167548,
    "Nekfeu - Princesse": 0.1236476043276661,
    "PNL - Luz de Luna": 0.0846023688663282,
    "PNL - J\u2019suis QLF": 0.1578947368421052
}