{
    "Alonzo": 0.07631617280997054,
    "Bigflo & Oli": 0.07411846717689774,
    "Booba": 0.12034681150959048,
    "Columbine": 0.08160371427136306,
    "Dadju": 0.04400184091568993,
    "Damso": 0.1190331355193245,
    "Dinos": 0.06403086055536454,
    "Djadja & Dinaz": 0.06023823200521494,
    "Django": 0.1003312058473755,
    "Freeze Corleone": 0.12185236252864919,
    "GIMS": 0.05955001920609014,
    "Gradur": 0.11368530580566039,
    "Guizmo": 0.0996133877607457,
    "Hayce Lemsi": 0.0838342135450105,
    "JuL": 0.07103613908043685,
    "Kaaris": 0.10486117386639457,
    "Kalash": 0.0670987534405725,
    "Kery James": 0.05200061658013356,
    "La Fouine": 0.0768782569437338,
    "Lacrim": 0.10503837618367674,
    "Lomepal": 0.08505601207198733,
    "Nekfeu": 0.0814040614813222,
    "Ninho": 0.07583284081594507,
    "Niro": 0.10325069641435121,
    "Niska": 0.07393314059006396,
    "OrelSan": 0.09451232599399298,
    "PNL": 0.12813360986043937,
    "Rohff": 0.09486555470699469,
    "SCH": 0.10176169168372193,
    "Sexion d\u2019Assaut": 0.08636589498476116,
    "Sofiane": 0.07974450380571106,
    "Soolking": 0.04864230816847389,
    "Stromae": 0.0742334358054989,
    "Vald": 0.1130775616040026,
    "Youssoupha": 0.0810558717096602
}