{
    "Alonzo": 0.09597532413861572,
    "Bigflo & Oli": 0.12018914832659941,
    "Booba": 0.13167735306066036,
    "Columbine": 0.11978156962407159,
    "Dadju": 0.07187731857241743,
    "Damso": 0.1154817116404046,
    "Dinos": 0.08760458747080475,
    "Djadja & Dinaz": 0.09361915912811185,
    "Django": 0.11811270397971622,
    "Freeze Corleone": 0.120920653868857,
    "GIMS": 0.08705248742071367,
    "Gradur": 0.10557992695165437,
    "Guizmo": 0.14106263532777144,
    "Hayce Lemsi": 0.11824730916341553,
    "JuL": 0.10395657174938053,
    "Kaaris": 0.1129275174863365,
    "Kalash": 0.09216178841178996,
    "Kery James": 0.12271874124803435,
    "La Fouine": 0.1473301639212793,
    "Lacrim": 0.1232866458029568,
    "Lomepal": 0.13800911414816303,
    "Nekfeu": 0.12061260554028323,
    "Ninho": 0.09908190413713511,
    "Niro": 0.11782049619325469,
    "Niska": 0.10395535903474092,
    "OrelSan": 0.12490313222344653,
    "PNL": 0.11105432608743707,
    "Rohff": 0.13756334372877013,
    "SCH": 0.11872589575795855,
    "Sexion d\u2019Assaut": 0.12903626917774783,
    "Sofiane": 0.11931030491796847,
    "Soolking": 0.08062627705493879,
    "Stromae": 0.09372747003909755,
    "Vald": 0.12088880669563427,
    "Youssoupha": 0.13841705958048742
}